Order_ID,Product,Category,Quantity,Price,Total_amount,Date,Total_Amount
1001,HTC Desire V,HTC,52,18,936,11/7/2024,936
1002,alcatel OT 525,alcatel,23,57,1311,10/17/2024,1311
1003,Celkon C357,Celkon,93,23,2139,9/10/2024,2139
1004,Fairphone 3,Fairphone,10,50,500,1/24/2025,500
1005,Plum Tweek,Plum,9,97,873,2/20/2024,873
1006,Micromax X276,Micromax,20,52,1040,10/19/2024,1040
1007,Lenovo ZUK Edge,Lenovo,33,75,2475,1/5/2025,2475
1008,Huawei U7510,Huawei,57,81,4617,3/12/2024,4617
1009,verykool SL5565 Rocket,verykool,41,77,3157,7/27/2024,3157
1010,Acer beTouch E210,Acer,18,30,540,8/18/2024,540
1011,Spice QT-58,Spice,95,4,380,2/23/2024,380
1012,Motorola One (P30 Play),Motorola,10,19,190,2/1/2025,190
1013,ZTE nubia Z17 lite,ZTE,50,75,3750,4/18/2024,3750
1014,Motorola A630,Motorola,88,88,7744,11/28/2024,7744
1015,BLU Hero,BLU,2,69,138,1/7/2025,138
1016,Xiaomi Mi 9X,Xiaomi,23,54,1242,4/1/2024,1242
1017,Bird M11,Bird,52,23,1196,10/22/2024,1196
1018,Huawei G7206,Huawei,58,76,4408,1/8/2025,4408
1019,Acer neoTouch P400,Acer,39,74,2886,9/2/2024,2886
1020,LG KE770 Shine,LG,46,62,2852,9/25/2024,2852
1021,Oppo Find X2 Pro,Oppo,7,69,483,10/10/2024,483
1022,Huawei MediaPad T1 8.0,Huawei,13,71,923,2/27/2024,923
1023,Siemens S45i,Siemens,8,1,8,9/23/2024,8
1024,Allview X3 Soul Lite,Allview,25,3,75,5/9/2024,75
1025,Samsung Galaxy Note T879,Samsung,9,18,162,8/15/2024,162
1026,Xiaomi Redmi Y1 Lite,Xiaomi,77,88,6776,4/28/2024,6776
1027,Samsung Galaxy Ace NXT,Samsung,9,25,225,12/7/2024,225
1028,Celkon A95,Celkon,41,29,1189,10/29/2024,1189
1029,BLU Studio Pro,BLU,57,95,5415,4/29/2024,5415
1030,Icemobile Prime 5.0 Plus,Icemobile,25,47,1175,3/4/2024,1175
1031,LG Cosmos 2,LG,57,87,4959,10/1/2024,4959
1032,HP Slate6 VoiceTab,HP,88,80,7040,8/14/2024,7040
1033,Allview Viva H8,Allview,43,35,1505,10/7/2024,1505
1034,Huawei MediaPad T3 8.0,Huawei,42,8,336,10/6/2024,336
1035,Motorola RIZR Z8,Motorola,95,65,6175,5/16/2024,6175
1036,Micromax X114,Micromax,83,21,1743,10/28/2024,1743
1037,Lenovo Tab 4 10 Plus,Lenovo,70,24,1680,11/26/2024,1680
1038,Prestigio MultiPhone 4055 Duo,Prestigio,5,69,345,4/20/2024,345
1039,Ulefone Armor X7 Pro,Ulefone,51,19,969,6/17/2024,969
1040,Samsung S9402 Ego,Samsung,47,40,1880,3/15/2024,1880
1041,NEC e313,NEC,13,48,624,1/14/2025,624
1042,alcatel Fierce,alcatel,58,32,1856,6/23/2024,1856
1043,LeEco Le 1s,LeEco,44,37,1628,8/18/2024,1628
1044,Samsung Galaxy Y Pro B5510,Samsung,23,46,1058,2/28/2024,1058
1045,Gigabyte Keroro,Gigabyte,82,74,6068,3/26/2024,6068
1046,Plum Ram 8,Plum,40,45,1800,11/24/2024,1800
1047,Lenovo Tab3 7,Lenovo,37,58,2146,6/10/2024,2146
1048,LG KP270,LG,8,22,176,10/8/2024,176
1049,Samsung Vodafone 360 M1,Samsung,90,82,7380,10/30/2024,7380
1050,alcatel OT-S520,alcatel,77,35,2695,3/4/2024,2695
1051,Samsung I8200 Galaxy S III mini VE,Samsung,5,97,485,9/18/2024,485
1052,Sewon SGD-1030,Sewon,28,10,280,5/5/2024,280
1053,Micromax Q6,Micromax,95,15,1425,4/2/2024,1425
1054,Oppo F7 Youth,Oppo,60,25,1500,12/29/2024,1500
1055,Orange Hiro,Orange,57,46,2622,10/14/2024,2622
1056,LG Optimus Hub E510,LG,74,21,1554,4/20/2024,1554
1057,BlackBerry Torch 9810,BlackBerry,26,100,2600,2/12/2025,2600
1058,Meizu 16 Plus,Meizu,82,33,2706,12/22/2024,2706
1059,alcatel OT-819 Soul,alcatel,50,79,3950,11/1/2024,3950
1060,Sagem MY V-85,Sagem,7,61,427,5/21/2024,427
1061,Sagem MY X-7,Sagem,62,18,1116,4/6/2024,1116
1062,Celkon C999,Celkon,81,41,3321,11/10/2024,3321
1063,Samsung X680,Samsung,45,48,2160,5/24/2024,2160
1064,Pantech PG-3900,Pantech,74,61,4514,12/8/2024,4514
1065,T-Mobile Dash 3G,T-Mobile,51,1,51,7/4/2024,51
1066,Infinix Note 5,Infinix,83,66,5478,1/21/2025,5478
1067,Celkon C350,Celkon,31,35,1085,1/23/2025,1085
1068,Sagem my855c,Sagem,2,46,92,1/3/2025,92
1069,Philips W3568,Philips,16,69,1104,10/28/2024,1104
1070,Apple Watch 38mm (1st gen),Apple,43,21,903,3/2/2024,903
1071,Philips Xenium X700,Philips,99,80,7920,1/31/2025,7920
1072,Samsung E760,Samsung,72,65,4680,4/26/2024,4680
1073,Samsung Galaxy Note8,Samsung,72,94,6768,7/6/2024,6768
1074,WND Wind DUO 2100,WND,47,31,1457,3/13/2024,1457
1075,LG G4 Dual,LG,54,85,4590,12/29/2024,4590
1076,LG Optimus S,LG,85,89,7565,4/10/2024,7565
1077,Bird M08,Bird,22,68,1496,3/20/2024,1496
1078,BQ Aquaris X Pro,BQ,23,92,2116,1/6/2025,2116
1079,Nokia Lumia 610,Nokia,40,44,1760,10/26/2024,1760
1080,HTC Touch Pro2 CDMA,HTC,76,38,2888,5/16/2024,2888
1081,alcatel OT Easy HF,alcatel,64,37,2368,6/7/2024,2368
1082,LG Bello II,LG,28,1,28,9/2/2024,28
1083,Energizer U680S,Energizer,43,2,86,2/19/2024,86
1084,Samsung Galaxy S6 active,Samsung,28,78,2184,6/20/2024,2184
1085,Sagem MY C5-3,Sagem,56,7,392,2/22/2024,392
1086,XOLO Play,XOLO,83,13,1079,11/21/2024,1079
1087,Samsung Galaxy Tab Pro 10.1 LTE,Samsung,85,10,850,4/9/2024,850
1088,Spice Mi-285 Stellar,Spice,27,81,2187,3/17/2024,2187
1089,Micromax Bolt S302,Micromax,53,8,424,1/10/2025,424
1090,alcatel OT-665,alcatel,60,88,5280,5/14/2024,5280
1091,Micromax Bolt S301,Micromax,39,27,1053,3/22/2024,1053
1092,LG L90 D405,LG,100,32,3200,6/28/2024,3200
1093,Huawei Summit,Huawei,5,66,330,6/15/2024,330
1094,Allview X3 Soul,Allview,83,51,4233,9/15/2024,4233
1095,Maxwest Virtue Z5,Maxwest,52,53,2756,9/3/2024,2756
1096,Vodafone 231,Vodafone,55,90,4950,6/16/2024,4950
1097,Tecno Spark Pro,Tecno,56,4,224,2/23/2024,224
1098,Xiaomi Black Shark 3,Xiaomi,8,21,168,2/2/2025,168
1099,LG EGO Wi-Fi,LG,30,14,420,4/6/2024,420
1100,ZTE Avid Plus,ZTE,91,2,182,12/30/2024,182
1101,NEC N401i,NEC,1,40,40,11/3/2024,40
1102,Realme X3,Realme,8,84,672,2/16/2024,672
1103,Sony Ericsson V640,Sony,96,92,8832,3/16/2024,8832
1104,Realme C2,Realme,30,52,1560,3/27/2024,1560
1105,Apple iPhone 12 Pro Max,Apple,95,72,6840,8/19/2024,6840
1106,Asus Zenfone 4 Max Pro ZC554KL,Asus,23,89,2047,5/21/2024,2047
1107,Samsung Galaxy Tab A 8.0 & S Pen (2019),Samsung,10,64,640,6/16/2024,640
1108,BLU J6,BLU,52,52,2704,1/4/2025,2704
1109,QMobile Noir Z7,QMobile,98,6,588,12/6/2024,588
1110,vivo V9 Youth,vivo,60,30,1800,12/22/2024,1800
1111,LG GU200,LG,19,97,1843,4/25/2024,1843
1112,Nokia 6810,Nokia,86,96,8256,9/9/2024,8256
1113,Samsung Galaxy J4 Core,Samsung,73,65,4745,8/3/2024,4745
1114,ZTE F100,ZTE,36,82,2952,11/28/2024,2952
1115,LG GS190,LG,100,33,3300,1/17/2025,3300
1116,LG Optimus Sol E730,LG,74,63,4662,5/5/2024,4662
1117,Qtek 8060,Qtek,1,17,17,7/15/2024,17
1118,Karbonn K52 Groovster,Karbonn,96,59,5664,12/11/2024,5664
1119,LG BL40 New Chocolate,LG,5,67,335,1/17/2025,335
1120,Meizu 15 Lite,Meizu,97,34,3298,11/27/2024,3298
1121,Xiaomi Redmi K30 Pro Zoom,Xiaomi,80,26,2080,10/12/2024,2080
1122,Lava Iris 402e,Lava,14,53,742,3/24/2024,742
1123,Apple iPhone 11 Pro Max,Apple,75,42,3150,11/17/2024,3150
1124,vivo V17 Neo,vivo,2,43,86,8/13/2024,86
1125,Oppo N3,Oppo,73,88,6424,1/5/2025,6424
1126,Sony Ericsson G700 Business Edition,Sony,3,36,108,9/6/2024,108
1127,Spice Mi-355 Stellar Craze,Spice,61,6,366,2/19/2024,366
1128,Nokia 8800,Nokia,42,69,2898,5/16/2024,2898
1129,Yezz Epic T7,Yezz,28,16,448,5/24/2024,448
1130,Motorola V1050,Motorola,34,49,1666,10/15/2024,1666
1131,Micromax X226+,Micromax,33,17,561,11/8/2024,561
1132,Honor Play 4T Pro,Honor,6,48,288,11/24/2024,288
1133,Chea A90,Chea,37,92,3404,10/22/2024,3404
1134,Prestigio MultiPhone 5300 Duo,Prestigio,86,22,1892,4/3/2024,1892
1135,BLU R2 LTE,BLU,94,1,94,5/16/2024,94
1136,alcatel OT Max db,alcatel,8,57,456,9/30/2024,456
1137,Micromax X098,Micromax,43,97,4171,11/6/2024,4171
1138,Nokia 111,Nokia,58,58,3364,10/12/2024,3364
1139,HTC Touch Pro CDMA,HTC,46,72,3312,1/12/2025,3312
1140,Sony Ericsson Cedar,Sony,77,21,1617,1/29/2025,1617
1141,Samsung T400,Samsung,55,40,2200,7/23/2024,2200
1142,NEC N750,NEC,12,15,180,9/18/2024,180
1143,Samsung Galaxy Nexus I9250,Samsung,43,16,688,9/24/2024,688
1144,Toshiba Excite Pro,Toshiba,29,55,1595,1/24/2025,1595
1145,Samsung S3500,Samsung,81,86,6966,1/2/2025,6966
1146,Coolpad Cool M7,Coolpad,79,5,395,4/1/2024,395
1147,Samsung E2530,Samsung,36,37,1332,10/11/2024,1332
1148,Siemens C10,Siemens,95,30,2850,10/27/2024,2850
1149,Samsung Galaxy S5 Neo,Samsung,41,37,1517,8/11/2024,1517
1150,verykool sl5050 Phantom,verykool,98,43,4214,2/17/2024,4214
1151,Intex Aqua 4.5E,Intex,69,81,5589,1/31/2025,5589
1152,Gigabyte GSmart Essence 4,Gigabyte,8,93,744,11/14/2024,744
1153,LG T510,LG,27,53,1431,9/16/2024,1431
1154,HTC Desire 816,HTC,78,52,4056,2/20/2024,4056
1155,LG Velvet 5G UW,LG,83,68,5644,1/7/2025,5644
1156,Philips Xenium 9@9q,Philips,81,25,2025,11/25/2024,2025
1157,Tecno Spark Pro,Tecno,61,39,2379,8/5/2024,2379
1158,Sony Ericsson T715,Sony,41,7,287,11/23/2024,287
1159,Huawei P40 lite E,Huawei,51,14,714,12/28/2024,714
1160,Huawei Ascend G630,Huawei,19,9,171,6/25/2024,171
1161,alcatel OT-E221,alcatel,94,56,5264,6/20/2024,5264
1162,Xiaomi Mi Watch Color Sports,Xiaomi,82,39,3198,6/26/2024,3198
1163,LG GB170,LG,80,39,3120,2/27/2024,3120
1164,Samsung Galaxy J2 Core,Samsung,79,7,553,10/12/2024,553
1165,Siemens A55,Siemens,39,48,1872,6/11/2024,1872
1166,BLU Energy Diamond Mini,BLU,91,81,7371,4/21/2024,7371
1167,Meizu MX2,Meizu,92,11,1012,11/1/2024,1012
1168,Motorola W395,Motorola,93,97,9021,12/11/2024,9021
1169,Micromax Vdeo 2,Micromax,62,90,5580,1/19/2025,5580
1170,alcatel Roadsign,alcatel,29,65,1885,10/25/2024,1885
1171,Asus ZenFone Live (L1) ZA550KL,Asus,78,40,3120,8/28/2024,3120
1172,QMobile Noir X800,QMobile,50,18,900,2/10/2025,900
1173,Panasonic P101,Panasonic,22,18,396,4/7/2024,396
1174,Meizu U20,Meizu,77,88,6776,7/28/2024,6776
1175,Panasonic Eluga I2,Panasonic,61,75,4575,7/29/2024,4575
1176,vivo Y81,vivo,39,85,3315,11/26/2024,3315
1177,Nokia 150 (2020),Nokia,54,97,5238,12/1/2024,5238
1178,Lenovo Vibe Shot,Lenovo,89,64,5696,11/30/2024,5696
1179,i-mate SP5m,i-mate,66,19,1254,7/25/2024,1254
1180,Samsung Z100,Samsung,93,6,558,10/1/2024,558
1181,Acer Liquid,Acer,44,23,1012,7/18/2024,1012
1182,Samsung A727,Samsung,2,92,184,5/26/2024,184
1183,HP Pre 3 CDMA,HP,20,72,1440,5/24/2024,1440
1184,Vodafone 526,Vodafone,79,34,2686,5/11/2024,2686
1185,Samsung S5610,Samsung,58,45,2610,11/10/2024,2610
1186,Lenovo Z5s,Lenovo,64,21,1344,6/13/2024,1344
1187,Razer Phone 2,Razer,86,71,6106,10/11/2024,6106
1188,Huawei Mate 40 Pro+,Huawei,98,21,2058,3/18/2024,2058
1189,Amoi F320,Amoi,62,92,5704,4/19/2024,5704
1190,Samsung i780,Samsung,70,19,1330,9/4/2024,1330
1191,LG W5200,LG,40,53,2120,9/24/2024,2120
1192,Huawei MediaPad M5 Lite 8,Huawei,79,87,6873,7/7/2024,6873
1193,Vodafone Smart 4 mini,Vodafone,88,87,7656,2/10/2025,7656
1194,Samsung Galaxy J7 Duo,Samsung,85,97,8245,11/9/2024,8245
1195,Sony Xperia T3,Sony,31,91,2821,12/25/2024,2821
1196,Asus VivoTab RT TF600T,Asus,53,52,2756,12/22/2024,2756
1197,Acer Liquid E3,Acer,56,8,448,11/13/2024,448
1198,T-Mobile Comet,T-Mobile,33,26,858,7/22/2024,858
1199,BLU Vivo X,BLU,73,72,5256,2/20/2024,5256
1200,Oppo Reno4 SE,Oppo,68,16,1088,6/4/2024,1088
1201,Celkon A83,Celkon,19,72,1368,7/17/2024,1368
1202,Huawei MediaPad M2 10.0,Huawei,88,28,2464,3/11/2024,2464
1203,Huawei Ascend P2,Huawei,97,70,6790,10/16/2024,6790
1204,vivo V5,vivo,100,68,6800,8/6/2024,6800
1205,alcatel Pop C5,alcatel,91,19,1729,6/14/2024,1729
1206,Emporia RL1,Emporia,84,49,4116,11/1/2024,4116
1207,alcatel OT-990,alcatel,18,20,360,5/31/2024,360
1208,Samsung T100,Samsung,91,22,2002,8/19/2024,2002
1209,Lenovo A830,Lenovo,79,66,5214,2/13/2025,5214
1210,Motorola GLEAM+ WX308,Motorola,24,63,1512,10/15/2024,1512
1211,Tecno Spark Pro,Tecno,98,65,6370,5/29/2024,6370
1212,LG KU990 Viewty,LG,67,67,4489,1/10/2025,4489
1213,Huawei P20 Pro,Huawei,21,61,1281,12/15/2024,1281
1214,LG V60 ThinQ 5G,LG,68,81,5508,6/8/2024,5508
1215,BLU Samba TV,BLU,27,75,2025,12/30/2024,2025
1216,alcatel Pop 10,alcatel,43,94,4042,10/14/2024,4042
1217,Motorola C380/C385,Motorola,52,29,1508,8/19/2024,1508
1218,Micromax X271,Micromax,78,89,6942,3/11/2024,6942
1219,Samsung i500,Samsung,70,16,1120,8/30/2024,1120
1220,Nokia Asha 210,Nokia,48,16,768,12/23/2024,768
1221,HTC First,HTC,24,33,792,3/11/2024,792
1222,Acer beTouch E101,Acer,15,95,1425,8/14/2024,1425
1223,Wiko Pulp,Wiko,33,82,2706,9/2/2024,2706
1224,Asus Zenfone 5 Lite ZC600KL,Asus,25,43,1075,4/3/2024,1075
1225,Celkon A66,Celkon,84,73,6132,1/21/2025,6132
1226,Gigabyte GSmart S1200,Gigabyte,50,86,4300,11/15/2024,4300
1227,Motorola L6,Motorola,66,61,4026,5/29/2024,4026
1228,QMobile Noir Z12 Pro,QMobile,55,29,1595,11/28/2024,1595
1229,OnePlus 5T,OnePlus,61,14,854,5/30/2024,854
1230,BLU Kick,BLU,9,5,45,2/28/2024,45
1231,Nokia 1209,Nokia,71,41,2911,12/30/2024,2911
1232,Lenovo K3 Note,Lenovo,86,5,430,8/3/2024,430
1233,ZTE Blade V8 Mini,ZTE,59,73,4307,3/12/2024,4307
1234,Celkon A112,Celkon,60,19,1140,8/20/2024,1140
1235,vivo Y3 (4GB+64GB),vivo,26,18,468,12/20/2024,468
1236,LG Wine Smart,LG,58,24,1392,10/21/2024,1392
1237,Huawei P smart,Huawei,43,38,1634,11/18/2024,1634
1238,Allview P4 eMagic,Allview,60,5,300,10/20/2024,300
1239,Allview Viva H10 LTE,Allview,56,86,4816,9/18/2024,4816
1240,ZTE Blade Max View,ZTE,45,55,2475,12/28/2024,2475
1241,Pantech Vega R3 IM-A850L,Pantech,60,55,3300,11/17/2024,3300
1242,alcatel Idol 3 (5.5),alcatel,69,9,621,7/28/2024,621
1243,BlackBerry Curve 9220,BlackBerry,6,8,48,3/14/2024,48
1244,Samsung I909 Galaxy S,Samsung,82,79,6478,1/28/2025,6478
1245,Philips 759,Philips,88,87,7656,12/23/2024,7656
1246,Samsung Z130,Samsung,15,52,780,8/12/2024,780
1247,Posh Kick Pro LTE L520,Posh,68,17,1156,10/29/2024,1156
1248,LG U830,LG,94,87,8178,5/8/2024,8178
1249,Nokia 108 Dual SIM,Nokia,84,50,4200,5/27/2024,4200
1250,Nokia 3250,Nokia,85,46,3910,12/28/2024,3910
1251,Philips Xenium 9@9h,Philips,30,97,2910,1/11/2025,2910
1252,BLU Studio G HD LTE,BLU,51,4,204,3/24/2024,204
1253,LG Optimus L7 P700,LG,18,92,1656,4/2/2024,1656
1254,Celkon C366,Celkon,61,21,1281,8/3/2024,1281
1255,Sony Ericsson WT18i,Sony,52,51,2652,1/21/2025,2652
1256,Bird S799,Bird,90,99,8910,11/29/2024,8910
1257,Oppo F11 Pro,Oppo,15,39,585,11/4/2024,585
1258,Xiaomi Mi Pad 2,Xiaomi,2,17,34,4/26/2024,34
1259,Bird D720,Bird,19,53,1007,7/14/2024,1007
1260,BLU Deejay II,BLU,7,23,161,8/5/2024,161
1261,Micromax Canvas Evok Note E453,Micromax,29,92,2668,10/6/2024,2668
1262,LG L65 Dual D285,LG,51,74,3774,5/31/2024,3774
1263,Honor 20 lite,Honor,77,33,2541,4/12/2024,2541
1264,Eten glofiish X610,Eten,56,98,5488,6/8/2024,5488
1265,Bird S668,Bird,90,76,6840,2/29/2024,6840
1266,Asus Fonepad 7 FE375CG,Asus,83,67,5561,5/3/2024,5561
1267,Motorola Moto X Play,Motorola,71,45,3195,7/12/2024,3195
1268,LG KE770 Shine,LG,21,94,1974,12/1/2024,1974
1269,verykool SL5000 Quantum,verykool,60,62,3720,2/22/2024,3720
1270,Motorola Moto E6,Motorola,93,9,837,9/5/2024,837
1271,Vodafone Smart E8,Vodafone,17,79,1343,3/3/2024,1343
1272,XOLO Play 8X-1100,XOLO,5,92,460,11/3/2024,460
1273,BLU C5 Plus,BLU,30,18,540,8/12/2024,540
1274,Micromax X267,Micromax,76,92,6992,5/28/2024,6992
1275,vivo iQOO Neo,vivo,47,4,188,12/17/2024,188
1276,Oppo Reno4 SE,Oppo,5,46,230,3/10/2024,230
1277,Archos 80 Helium 4G,Archos,22,16,352,5/10/2024,352
1278,Panasonic P341i,Panasonic,30,93,2790,7/21/2024,2790
1279,Nokia 3230,Nokia,1,89,89,4/5/2024,89
1280,OnePlus 7T Pro,OnePlus,99,97,9603,9/12/2024,9603
1281,LG Optimus Me P350,LG,34,87,2958,10/9/2024,2958
1282,HTC Desire 516 dual sim,HTC,68,72,4896,9/22/2024,4896
1283,Motorola V1000,Motorola,99,77,7623,10/13/2024,7623
1284,Lava Iris 250,Lava,19,39,741,2/28/2024,741
1285,HTC Desire 820,HTC,47,1,47,8/6/2024,47
1286,Huawei Summit,Huawei,44,50,2200,8/3/2024,2200
1287,Realme 6 Pro,Realme,39,59,2301,11/16/2024,2301
1288,Nokia N810,Nokia,17,46,782,3/27/2024,782
1289,alcatel One Touch S'Pop,alcatel,44,63,2772,5/11/2024,2772
1290,Coolpad Cool 5,Coolpad,55,35,1925,2/11/2025,1925
1291,Philips T939,Philips,54,16,864,12/3/2024,864
1292,LG KU2100,LG,55,79,4345,12/7/2024,4345
1293,Vodafone 360 H2,Vodafone,79,63,4977,9/19/2024,4977
1294,Spice Mi-720,Spice,72,48,3456,9/27/2024,3456
1295,Energizer Hardcase H570S,Energizer,42,25,1050,8/2/2024,1050
1296,Motorola Admiral XT603,Motorola,84,90,7560,7/28/2024,7560
1297,Plum Optimax 7.0,Plum,29,20,580,4/23/2024,580
1298,Gionee M2017,Gionee,60,80,4800,10/3/2024,4800
1299,Pantech Matrix Pro,Pantech,25,94,2350,11/24/2024,2350
1300,HTC One mini,HTC,21,34,714,11/25/2024,714
1301,Xiaomi Redmi 9 Prime,Xiaomi,93,86,7998,7/9/2024,7998
1302,Samsung M150,Samsung,37,4,148,4/9/2024,148
1303,Samsung Galaxy Tab 4 7.0,Samsung,83,79,6557,1/29/2025,6557
1304,BLU Studio 5.0 HD LTE,BLU,5,40,200,8/6/2024,200
1305,HTC Explorer,HTC,55,30,1650,7/3/2024,1650
1306,Samsung E3213 Hero,Samsung,34,31,1054,1/4/2025,1054
1307,Samsung Z540,Samsung,76,95,7220,12/19/2024,7220
1308,Bird V5510,Bird,56,19,1064,8/1/2024,1064
1309,QMobile Noir LT250,QMobile,53,91,4823,7/12/2024,4823
1310,Motorola Moto Z3,Motorola,65,8,520,12/15/2024,520
1311,HTC Jetstream,HTC,3,35,105,10/1/2024,105
1312,Plum Boot,Plum,14,43,602,1/24/2025,602
1313,Nokia 3230,Nokia,4,71,284,10/15/2024,284
1314,Samsung Metro E2202,Samsung,77,69,5313,7/6/2024,5313
1315,BLU Grand X,BLU,19,17,323,11/17/2024,323
1316,Micromax W900,Micromax,45,68,3060,12/8/2024,3060
1317,Nokia N75,Nokia,30,25,750,11/30/2024,750
1318,Sagem MY X-1w,Sagem,95,28,2660,2/11/2025,2660
1319,Asus Zenfone Max ZC550KL,Asus,17,11,187,7/13/2024,187
1320,Gionee Pioneer P3,Gionee,76,94,7144,12/28/2024,7144
1321,Xiaomi Mi 4 LTE,Xiaomi,44,1,44,9/20/2024,44
1322,alcatel CareTime,alcatel,93,21,1953,6/6/2024,1953
1323,Nokia Lumia 2520,Nokia,66,31,2046,2/21/2024,2046
1324,Sony Xperia Tablet Z Wi-Fi,Sony,35,23,805,3/24/2024,805
1325,Nokia E5,Nokia,15,63,945,9/6/2024,945
1326,Plum Sync,Plum,37,99,3663,5/27/2024,3663
1327,Innostream INNO 89,Innostream,17,83,1411,1/2/2025,1411
1328,Celkon Q455L,Celkon,55,99,5445,12/13/2024,5445
1329,Archos 53 Titanium,Archos,35,90,3150,10/6/2024,3150
1330,Celkon A112,Celkon,9,53,477,10/22/2024,477
1331,Sendo S200,Sendo,6,90,540,6/25/2024,540
1332,Samsung I8530 Galaxy Beam,Samsung,46,91,4186,9/20/2024,4186
1333,HP iPAQ Voice Messenger,HP,22,21,462,2/29/2024,462
1334,Nokia 6250,Nokia,17,60,1020,8/4/2024,1020
1335,Lenovo A800,Lenovo,11,54,594,10/24/2024,594
1336,Micromax Bolt D320,Micromax,37,41,1517,4/26/2024,1517
1337,verykool R80,verykool,16,96,1536,7/17/2024,1536
1338,Celkon Campus Crown Q40,Celkon,11,9,99,1/30/2025,99
1339,Kyocera Rise C5155,Kyocera,29,11,319,11/2/2024,319
1340,Micromax Canvas Mega E353,Micromax,14,59,826,11/25/2024,826
1341,BLU Energy X,BLU,54,30,1620,3/7/2024,1620
1342,BlackBerry 8700c,BlackBerry,37,37,1369,10/24/2024,1369
1343,BLU Hero II,BLU,73,77,5621,3/7/2024,5621
1344,Siemens A75,Siemens,12,61,732,6/23/2024,732
1345,Samsung L760,Samsung,24,34,816,1/11/2025,816
1346,Icemobile Charm II,Icemobile,30,53,1590,4/30/2024,1590
1347,XOLO Q1000,XOLO,16,43,688,12/24/2024,688
1348,Motorola A732,Motorola,20,40,800,10/18/2024,800
1349,BLU Studio 5.3 II,BLU,85,12,1020,9/14/2024,1020
1350,Sony Ericsson K850,Sony,87,54,4698,1/8/2025,4698
1351,alcatel OT Max db,alcatel,71,58,4118,8/18/2024,4118
1352,Dell Venue 7,Dell,25,52,1300,11/7/2024,1300
1353,i-mobile 318,i-mobile,77,29,2233,3/27/2024,2233
1354,Motorola W205,Motorola,72,42,3024,3/13/2024,3024
1355,Motorola DROID X,Motorola,79,68,5372,12/17/2024,5372
1356,Xiaomi Redmi 6,Xiaomi,34,35,1190,4/1/2024,1190
1357,Huawei nova 8 SE,Huawei,24,91,2184,7/4/2024,2184
1358,Motorola Moto C,Motorola,25,16,400,6/27/2024,400
1359,Nokia 6500 classic,Nokia,24,19,456,12/19/2024,456
1360,Pantech Vega Racer 2 IM-A830L,Pantech,40,27,1080,4/3/2024,1080
1361,LG Flick T320,LG,35,71,2485,3/30/2024,2485
1362,Lenovo A369i,Lenovo,36,34,1224,4/19/2024,1224
1363,LG GD880 Mini,LG,89,91,8099,9/2/2024,8099
1364,Lenovo A820,Lenovo,93,81,7533,8/22/2024,7533
1365,Micromax Canvas Mega 4G Q417,Micromax,99,92,9108,9/9/2024,9108
1366,Infinix Zero 6 Pro,Infinix,31,74,2294,3/14/2024,2294
1367,Allview P5 eMagic,Allview,97,60,5820,10/24/2024,5820
1368,i-mobile 902,i-mobile,18,97,1746,3/30/2024,1746
1369,Motorola COCKTAIL VE70,Motorola,84,22,1848,3/4/2024,1848
1370,Motorola V975,Motorola,72,92,6624,4/25/2024,6624
1371,Samsung Galaxy J7 (2018),Samsung,71,5,355,1/15/2025,355
1372,QMobile Noir E8,QMobile,50,75,3750,6/7/2024,3750
1373,Micromax X352,Micromax,25,81,2025,11/15/2024,2025
1374,Sewon SG-2890CD,Sewon,78,11,858,9/21/2024,858
1375,Motorola Motocubo A45,Motorola,64,28,1792,3/7/2024,1792
1376,BLU Tattoo Mini,BLU,81,12,972,2/6/2025,972
1377,Samsung X500,Samsung,85,13,1105,4/11/2024,1105
1378,Samsung E900,Samsung,64,91,5824,3/5/2024,5824
1379,Asus Memo Pad FHD10,Asus,9,40,360,2/14/2024,360
1380,Sony Ericsson Zylo,Sony,99,68,6732,4/9/2024,6732
1381,Samsung X610,Samsung,50,50,2500,3/20/2024,2500
1382,Samsung i500,Samsung,24,32,768,7/19/2024,768
1383,Vodafone Smart ultra 7,Vodafone,89,68,6052,3/16/2024,6052
1384,O2 XDA Trion,O2,65,58,3770,4/14/2024,3770
1385,Samsung Omnia W I8350,Samsung,96,20,1920,12/1/2024,1920
1386,Samsung Z1,Samsung,24,94,2256,8/25/2024,2256
1387,Philips 180,Philips,41,97,3977,11/1/2024,3977
1388,Vodafone Tab Prime 7,Vodafone,12,2,24,7/8/2024,24
1389,Yezz Andy 3G 4.0 YZ1120,Yezz,95,66,6270,6/9/2024,6270
1390,Sony Ericsson Cedar,Sony,12,94,1128,11/20/2024,1128
1391,Samsung C120,Samsung,23,30,690,6/10/2024,690
1392,Huawei MediaPad M6 10.8,Huawei,91,62,5642,3/12/2024,5642
1393,Sonim XP3.20 Quest Pro,Sonim,66,31,2046,3/25/2024,2046
1394,verykool SL6010 Cyprus LTE,verykool,19,44,836,11/7/2024,836
1395,Huawei Y5 Prime (2018),Huawei,94,91,8554,9/18/2024,8554
1396,BlackBerry Curve 9220,BlackBerry,11,70,770,8/25/2024,770
1397,Motorola PRO,Motorola,35,77,2695,5/21/2024,2695
1398,Micromax Canvas Spark Q380,Micromax,35,88,3080,8/3/2024,3080
1399,Huawei Enjoy 20 5G,Huawei,42,82,3444,6/7/2024,3444
1400,Siemens S35i,Siemens,19,47,893,10/21/2024,893
1401,Unnecto Quattro X,Unnecto,9,36,324,11/23/2024,324
1402,ZTE F103,ZTE,86,1,86,10/3/2024,86
1403,Micromax Canvas Selfie A255,Micromax,81,41,3321,8/28/2024,3321
1404,Sony Xperia Z4 Compact,Sony,53,45,2385,8/14/2024,2385
1405,Samsung X830,Samsung,33,35,1155,2/13/2025,1155
1406,Philips Xenium 9@9 ++,Philips,10,68,680,5/9/2024,680
1407,Pantech PG-1000s,Pantech,33,63,2079,12/11/2024,2079
1408,Nokia C6-01,Nokia,62,83,5146,1/19/2025,5146
1409,Samsung Gravity Q T289,Samsung,7,77,539,6/14/2024,539
1410,Amoi H812,Amoi,93,94,8742,5/24/2024,8742
1411,Lava Iris 250,Lava,100,28,2800,12/30/2024,2800
1412,Motorola MotoGO EX430,Motorola,10,79,790,3/14/2024,790
1413,Samsung E200 ECO,Samsung,23,83,1909,3/4/2024,1909
1414,Samsung Z310,Samsung,74,50,3700,9/2/2024,3700
1415,BLU Elite 3.8,BLU,77,85,6545,9/17/2024,6545
1416,Siemens CL50,Siemens,56,57,3192,9/9/2024,3192
1417,Samsung Guru Music 2,Samsung,53,90,4770,4/3/2024,4770
1418,Nokia XL,Nokia,31,43,1333,11/29/2024,1333
1419,BLU Win HD,BLU,3,2,6,9/25/2024,6
1420,Philips V526,Philips,17,58,986,4/6/2024,986
1421,Philips 630,Philips,27,51,1377,6/7/2024,1377
1422,Honor 8 Pro,Honor,49,33,1617,5/29/2024,1617
1423,HTC One M9,HTC,40,90,3600,1/5/2025,3600
1424,vivo X6,vivo,31,78,2418,8/31/2024,2418
1425,LG GB102,LG,85,32,2720,11/19/2024,2720
1426,LG G Pad III 8.0 FHD,LG,91,44,4004,2/3/2025,4004
1427,Vodafone 830i,Vodafone,31,57,1767,11/11/2024,1767
1428,Sony Ericsson W610,Sony,77,93,7161,7/25/2024,7161
1429,Mitsubishi m21i,Mitsubishi,20,18,360,4/26/2024,360
1430,vivo X5Max+,vivo,40,24,960,2/1/2025,960
1431,Benefon Track,Benefon,61,80,4880,9/10/2024,4880
1432,Siemens S45,Siemens,65,5,325,6/22/2024,325
1433,Tecno Spark Go 2020,Tecno,3,80,240,9/16/2024,240
1434,Philips X809,Philips,66,49,3234,9/2/2024,3234
1435,ZTE Optik,ZTE,47,82,3854,4/29/2024,3854
1436,Plum Caliber II,Plum,40,17,680,6/8/2024,680
1437,Samsung A767 Propel,Samsung,46,74,3404,7/6/2024,3404
1438,Huawei Y6II Compact,Huawei,29,25,725,10/21/2024,725
1439,Plum Axe 4,Plum,23,45,1035,8/8/2024,1035
1440,Tecno Spark Pro,Tecno,37,25,925,11/20/2024,925
1441,alcatel OT-216,alcatel,11,76,836,5/30/2024,836
1442,Archos 55 Graphite,Archos,19,78,1482,5/31/2024,1482
1443,Kyocera Milano C5121,Kyocera,49,27,1323,12/4/2024,1323
1444,Motorola EM35,Motorola,10,31,310,11/8/2024,310
1445,Meizu M5 Note,Meizu,89,28,2492,9/13/2024,2492
1446,O2 XDA Argon,O2,70,67,4690,3/17/2024,4690
1447,Pantech PG-1400,Pantech,21,32,672,9/2/2024,672
1448,BlackBerry Z3,BlackBerry,65,32,2080,12/22/2024,2080
1449,Vodafone Smart speed 6,Vodafone,64,57,3648,1/11/2025,3648
1450,LG KT770,LG,53,37,1961,7/25/2024,1961
1451,Amoi F320,Amoi,22,83,1826,12/22/2024,1826
1452,Sony Xperia SX SO-05D,Sony,88,17,1496,2/18/2024,1496
1453,Samsung S5600v Blade,Samsung,59,12,708,11/17/2024,708
1454,Samsung A667 Evergreen,Samsung,40,80,3200,6/21/2024,3200
1455,Blackview S8,Blackview,6,1,6,3/14/2024,6
1456,Lava A67,Lava,82,36,2952,8/25/2024,2952
1457,Philips X216,Philips,98,51,4998,8/9/2024,4998
1458,Sony Xperia ion LTE,Sony,79,69,5451,8/25/2024,5451
1459,Motorola E1000,Motorola,12,11,132,6/3/2024,132
1460,Karbonn K440,Karbonn,81,45,3645,1/20/2025,3645
1461,Ulefone Armor 9,Ulefone,83,88,7304,10/5/2024,7304
1462,Prestigio MultiPhone 4500 Duo,Prestigio,85,43,3655,2/26/2024,3655
1463,Samsung Ativ S I8750,Samsung,71,33,2343,11/3/2024,2343
1464,Prestigio MultiPad 2 Pro Duo 8.0 3G,Prestigio,83,36,2988,2/27/2024,2988
1465,verykool s4510 Luna,verykool,28,4,112,7/26/2024,112
1466,Lava Iris 450 Colour,Lava,37,70,2590,4/25/2024,2590
1467,QMobile B800,QMobile,11,32,352,3/26/2024,352
1468,Xiaomi Mi Note 2,Xiaomi,22,37,814,5/24/2024,814
1469,Vodafone 332,Vodafone,21,17,357,3/20/2024,357
1470,LG K5,LG,72,100,7200,2/4/2025,7200
1471,Micromax X288,Micromax,96,97,9312,1/7/2025,9312
1472,Lenovo Tab 4 10,Lenovo,84,23,1932,2/21/2024,1932
1473,Samsung J630,Samsung,34,40,1360,8/14/2024,1360
1474,Wiko Sunny2,Wiko,16,97,1552,6/6/2024,1552
1475,Nokia 2310,Nokia,40,25,1000,10/3/2024,1000
1476,Honor 8C,Honor,64,75,4800,7/13/2024,4800
1477,Plum Compass LTE,Plum,92,36,3312,2/21/2024,3312
1478,Sony Ericsson K550im,Sony,79,84,6636,10/4/2024,6636
1479,LG T375 Cookie Smart,LG,91,68,6188,12/28/2024,6188
1480,Realme 6 Pro,Realme,32,15,480,12/31/2024,480
1481,Sony Xperia M2 dual,Sony,56,20,1120,12/1/2024,1120
1482,i-mate JAMA 201,i-mate,61,31,1891,7/27/2024,1891
1483,Energizer Hardcase H550S,Energizer,63,56,3528,5/30/2024,3528
1484,Nokia Lumia 520,Nokia,40,70,2800,6/10/2024,2800
1485,Spice Stellar 509 (Mi-509),Spice,98,2,196,6/12/2024,196
1486,Samsung Galaxy Pocket plus S5301,Samsung,8,17,136,8/17/2024,136
1487,Samsung P7100 Galaxy Tab 10.1v,Samsung,55,76,4180,5/15/2024,4180
1488,Panasonic Eluga Arc,Panasonic,3,18,54,8/7/2024,54
1489,Lenovo A316i,Lenovo,70,11,770,7/28/2024,770
1490,Lava V5,Lava,51,50,2550,4/18/2024,2550
1491,Samsung Google Nexus S I9020A,Samsung,42,28,1176,6/13/2024,1176
1492,Samsung Galaxy Ace S5830,Samsung,24,77,1848,11/21/2024,1848
1493,Lava X41 Plus,Lava,64,65,4160,5/8/2024,4160
1494,Samsung Galaxy C10,Samsung,11,29,319,2/19/2024,319
1495,Samsung M8910 Pixon12,Samsung,22,68,1496,4/16/2024,1496
1496,Icemobile Charm II,Icemobile,49,28,1372,8/20/2024,1372
1497,Energizer Energy 240,Energizer,60,99,5940,6/24/2024,5940
1498,Asus Zenpad 7.0 Z370CG,Asus,44,61,2684,7/26/2024,2684
1499,Huawei Y9s,Huawei,20,70,1400,9/18/2024,1400
1500,verykool T742,verykool,37,6,222,11/15/2024,222
1501,Samsung Galaxy S5 Neo,Samsung,27,13,351,2/3/2025,351
1502,LG KF305,LG,11,8,88,3/26/2024,88
1503,Realme GT 5G,Realme,21,58,1218,10/2/2024,1218
1504,Samsung E2130,Samsung,23,13,299,9/17/2024,299
1505,TCL NxtPaper,TCL,41,4,164,11/12/2024,164
1506,Casio G'zOne CA-201L,Casio,33,20,660,9/23/2024,660
1507,Apple iPad 2 Wi-Fi,Apple,8,89,712,6/13/2024,712
1508,Microsoft Lumia 1330,Microsoft,37,60,2220,4/12/2024,2220
1509,Sagem my400V,Sagem,95,10,950,3/26/2024,950
1510,Samsung Galaxy S6,Samsung,87,39,3393,3/9/2024,3393
1511,Prestigio MultiPad 2 Ultra Duo 8.0 3G,Prestigio,66,32,2112,10/26/2024,2112
1512,LG Cosmos Touch VN270,LG,76,33,2508,12/14/2024,2508
1513,Bosch Com 608,Bosch,59,33,1947,1/26/2025,1947
1514,QMobile Linq L15,QMobile,49,2,98,4/10/2024,98
1515,Apple Watch 38mm (1st gen),Apple,6,86,516,4/15/2024,516
1516,T-Mobile myTouch 3G Fender Edition,T-Mobile,97,32,3104,8/13/2024,3104
1517,QMobile E1,QMobile,86,94,8084,7/16/2024,8084
1518,Gionee F103,Gionee,4,89,356,9/25/2024,356
1519,Samsung Galaxy J1 Nxt,Samsung,42,56,2352,5/14/2024,2352
1520,LG K41S,LG,99,99,9801,6/20/2024,9801
1521,LG KU250,LG,84,35,2940,12/7/2024,2940
1522,Archos Diamond Alpha +,Archos,38,2,76,5/22/2024,76
1523,Sony Ericsson Jalou,Sony,56,47,2632,5/4/2024,2632
1524,BLU Energy M,BLU,71,54,3834,2/1/2025,3834
1525,vivo Y11s,vivo,3,92,276,11/6/2024,276
1526,Realme X50 Pro 5G,Realme,82,20,1640,5/15/2024,1640
1527,Huawei Y9 (2018),Huawei,34,11,374,1/20/2025,374
1528,Motorola SPICE Key XT317,Motorola,98,73,7154,6/2/2024,7154
1529,Yezz Classic C60,Yezz,43,63,2709,1/11/2025,2709
1530,Yezz Andy YZ1100,Yezz,50,53,2650,11/4/2024,2650
1531,Motorola SlimLite,Motorola,55,72,3960,9/27/2024,3960
1532,Motorola ROKR E1,Motorola,33,19,627,2/17/2024,627
1533,Tel.Me. T919,Tel.Me.,50,27,1350,10/21/2024,1350
1534,Huawei U7520,Huawei,48,87,4176,3/8/2024,4176
1535,BQ Aquaris U2,BQ,53,82,4346,5/3/2024,4346
1536,Micromax A87 Ninja 4.0,Micromax,59,37,2183,2/20/2024,2183
1537,Xiaomi Redmi 2 Prime,Xiaomi,58,77,4466,2/21/2024,4466
1538,Maxwest Orbit 6200,Maxwest,33,71,2343,2/18/2024,2343
1539,Nvidia Shield K1,Nvidia,50,81,4050,3/10/2024,4050
1540,Samsung N300,Samsung,33,100,3300,3/27/2024,3300
1541,BLU Kick,BLU,51,80,4080,9/20/2024,4080
1542,Panasonic KX-TU301,Panasonic,65,38,2470,3/29/2024,2470
1543,HTC One (M8) dual sim,HTC,57,94,5358,4/22/2024,5358
1544,LG C375 Cookie Tweet,LG,31,46,1426,9/26/2024,1426
1545,NIU Andy 4E2I,NIU,66,27,1782,9/1/2024,1782
1546,QMobile Noir Z7,QMobile,74,27,1998,5/10/2024,1998
1547,Philips W7555,Philips,1,35,35,12/12/2024,35
1548,alcatel OT-E207,alcatel,81,9,729,8/27/2024,729
1549,Motorola Moto X Play Dual SIM,Motorola,19,64,1216,6/30/2024,1216
1550,Asus Live G500TG,Asus,25,91,2275,10/11/2024,2275
1551,Samsung i8910 Omnia HD,Samsung,28,34,952,7/29/2024,952
1552,Samsung D780 flip,Samsung,47,62,2914,4/12/2024,2914
1553,Sony Xperia acro HD SOI12,Sony,95,79,7505,6/9/2024,7505
1554,Realme C20,Realme,75,95,7125,5/30/2024,7125
1555,BLU Tank Xtreme 2.4,BLU,25,5,125,1/12/2025,125
1556,Tecno Phantom 9,Tecno,13,29,377,6/20/2024,377
1557,Oppo Reno4 Pro 5G,Oppo,30,41,1230,10/23/2024,1230
1558,Nokia 7700,Nokia,5,6,30,5/6/2024,30
1559,Bird S1180c,Bird,4,75,300,5/22/2024,300
1560,Haier M2000,Haier,18,19,342,10/5/2024,342
1561,Samsung Gear S3 frontier,Samsung,95,11,1045,1/17/2025,1045
1562,Samsung Galaxy Tab S4 10.5,Samsung,44,82,3608,3/10/2024,3608
1563,BLU G70,BLU,51,75,3825,3/14/2024,3825
1564,Sagem MC 820,Sagem,88,63,5544,11/12/2024,5544
1565,Samsung Galaxy A7 Duos,Samsung,40,72,2880,6/3/2024,2880
1566,Huawei Watch GT 2 Porsche Design,Huawei,64,32,2048,9/19/2024,2048
1567,Motorola EX112,Motorola,94,69,6486,10/15/2024,6486
1568,alcatel OT-S121,alcatel,7,36,252,3/8/2024,252
1569,Nokia Lumia 1020,Nokia,27,15,405,6/4/2024,405
1570,Sharp SE-02,Sharp,93,85,7905,6/1/2024,7905
1571,Huawei P40 Pro,Huawei,69,57,3933,3/29/2024,3933
1572,Samsung E2120,Samsung,62,2,124,1/6/2025,124
1573,Celkon C67+,Celkon,77,86,6622,6/30/2024,6622
1574,Nokia Lumia 720,Nokia,60,9,540,11/16/2024,540
1575,Vodafone 945,Vodafone,58,60,3480,6/18/2024,3480
1576,O2 X2i,O2,35,68,2380,5/17/2024,2380
1577,Nokia Lumia 520,Nokia,35,83,2905,3/8/2024,2905
1578,Samsung Galaxy Nexus I9250M,Samsung,39,34,1326,2/24/2024,1326
1579,Realme C15,Realme,19,49,931,6/2/2024,931
1580,Sony Ericsson S700,Sony,1,30,30,7/3/2024,30
1581,T-Mobile Pulse,T-Mobile,31,8,248,5/22/2024,248
1582,Palm Treo 500v,Palm,9,86,774,10/9/2024,774
1583,LG U8210,LG,81,1,81,11/18/2024,81
1584,Nokia N71,Nokia,73,86,6278,12/15/2024,6278
1585,Maxon MX-7990,Maxon,2,94,188,10/12/2024,188
1586,Meizu 15,Meizu,15,2,30,7/24/2024,30
1587,LG Flick T320,LG,24,57,1368,8/21/2024,1368
1588,Plum Ten 3G,Plum,87,38,3306,5/31/2024,3306
1589,Celkon C297,Celkon,66,25,1650,9/1/2024,1650
1590,Samsung Galaxy Light,Samsung,70,71,4970,1/24/2025,4970
1591,BenQ Z2,BenQ,21,97,2037,4/5/2024,2037
1592,Samsung M260 Factor,Samsung,72,48,3456,2/5/2025,3456
1593,Sony Ericsson W830,Sony,71,7,497,4/19/2024,497
1594,Samsung Galaxy S6 edge (USA),Samsung,92,32,2944,5/23/2024,2944
1595,Nokia X6 (2009),Nokia,92,11,1012,3/13/2024,1012
1596,Sewon SG-5000,Sewon,61,1,61,6/26/2024,61
1597,Huawei Mate 20 X,Huawei,28,28,784,12/26/2024,784
1598,alcatel Pop 4+,alcatel,94,74,6956,9/5/2024,6956
1599,Siemens SXG75,Siemens,81,33,2673,3/14/2024,2673
1600,Oppo Reno5 4G,Oppo,2,5,10,10/15/2024,10
1601,Samsung Galaxy Tab 4 7.0,Samsung,44,81,3564,9/24/2024,3564
1602,Philips E100,Philips,13,66,858,1/15/2025,858
1603,HTC Desire 516 dual sim,HTC,54,32,1728,1/8/2025,1728
1604,Tecno Camon 11 Pro,Tecno,91,57,5187,4/11/2024,5187
1605,alcatel OT 156,alcatel,81,25,2025,3/20/2024,2025
1606,Archos 50 Helium 4G,Archos,50,47,2350,1/1/2025,2350
1607,Acer Liquid Jade,Acer,46,28,1288,11/4/2024,1288
1608,Honor Play4 Pro,Honor,36,40,1440,10/3/2024,1440
1609,alcatel Pop 3 (5),alcatel,8,3,24,2/25/2024,24
1610,LG KP105,LG,34,22,748,3/21/2024,748
1611,Lenovo A7000 Turbo,Lenovo,13,15,195,6/6/2024,195
1612,alcatel Pop S7,alcatel,41,58,2378,7/2/2024,2378
1613,Samsung Galaxy S9+,Samsung,58,84,4872,6/19/2024,4872
1614,Sonim XP3.20 Quest Pro,Sonim,61,48,2928,11/28/2024,2928
1615,Google Pixel 2,Google,87,90,7830,2/1/2025,7830
1616,LG K20 (2019),LG,90,69,6210,3/29/2024,6210
1617,Nokia E71,Nokia,4,20,80,8/17/2024,80
1618,Asus Zenfone 3 Laser ZC551KL,Asus,70,93,6510,9/8/2024,6510
1619,LG Stylo 2,LG,17,70,1190,1/26/2025,1190
1620,Lenovo IdeaTab S6000L,Lenovo,18,29,522,5/1/2024,522
1621,Samsung Galaxy S5 mini Duos,Samsung,7,1,7,5/29/2024,7
1622,alcatel OT 300,alcatel,55,51,2805,11/18/2024,2805
1623,Motorola Moto E4,Motorola,27,74,1998,4/1/2024,1998
1624,LG KC550,LG,23,53,1219,7/3/2024,1219
1625,Nokia Lumia 1020,Nokia,51,77,3927,5/13/2024,3927
1626,Gigabyte GSmart MS820,Gigabyte,97,14,1358,5/12/2024,1358
1627,Asus P735,Asus,42,74,3108,11/16/2024,3108
1628,LG W31,LG,53,24,1272,8/3/2024,1272
1629,Sony Ericsson BRAVIA S004,Sony,70,87,6090,10/10/2024,6090
1630,HTC Butterfly,HTC,14,49,686,8/11/2024,686
1631,Motorola C113a,Motorola,94,2,188,2/10/2025,188
1632,Asus Transformer Pad TF701T,Asus,1,20,20,5/12/2024,20
1633,HP Slate7 VoiceTab Ultra,HP,51,54,2754,5/28/2024,2754
1634,"vivo Y51 (2020, September)",vivo,12,97,1164,12/23/2024,1164
1635,Micromax A88,Micromax,62,24,1488,7/31/2024,1488
1636,Asus Zenfone 2 Laser ZE500KL,Asus,84,38,3192,6/1/2024,3192
1637,HP Pro Slate 10 EE G1,HP,17,59,1003,3/10/2024,1003
1638,Gigabyte GSmart T4 (Lite Edition),Gigabyte,44,86,3784,7/15/2024,3784
1639,Allview V2 Viper,Allview,47,6,282,9/2/2024,282
1640,Maxon MX-6899,Maxon,65,39,2535,2/6/2025,2535
1641,Allview P10 Life,Allview,56,75,4200,6/19/2024,4200
1642,Siemens CF75,Siemens,57,18,1026,6/29/2024,1026
1643,Orange Dallas,Orange,98,31,3038,10/5/2024,3038
1644,Sony Ericsson T270,Sony,1,76,76,9/15/2024,76
1645,alcatel OT 320,alcatel,73,62,4526,7/20/2024,4526
1646,BLU C5 (2017),BLU,56,60,3360,4/18/2024,3360
1647,Gionee Pioneer P2S,Gionee,62,76,4712,11/11/2024,4712
1648,Motorola Z6w,Motorola,73,80,5840,4/9/2024,5840
1649,LG Optimus L3 II Dual E435,LG,13,68,884,4/1/2024,884
1650,Samsung V200,Samsung,17,73,1241,2/10/2025,1241
1651,Philips X712,Philips,64,46,2944,12/13/2024,2944
1652,Archos 45 Titanium,Archos,39,22,858,8/17/2024,858
1653,Tecno Spark 3 Pro,Tecno,65,46,2990,3/6/2024,2990
1654,alcatel 2012,alcatel,31,95,2945,7/8/2024,2945
1655,Huawei Mate X,Huawei,48,23,1104,10/23/2024,1104
1656,vivo Y11 (2019),vivo,56,24,1344,5/7/2024,1344
1657,Xiaomi Mi Watch Revolve,Xiaomi,91,52,4732,11/19/2024,4732
1658,Samsung E1282T,Samsung,73,34,2482,7/24/2024,2482
1659,Siemens U10,Siemens,71,65,4615,2/14/2024,4615
1660,Infinix Zero 8,Infinix,75,70,5250,7/9/2024,5250
1661,Asus Zenpad 7.0 Z370CG,Asus,10,10,100,6/1/2024,100
1662,LG KU800,LG,88,76,6688,8/27/2024,6688
1663,Asus Fonepad 7,Asus,98,77,7546,9/15/2024,7546
1664,Sony Ericsson Z310,Sony,98,39,3822,7/6/2024,3822
1665,Apple iPad 10.2 (2019),Apple,50,46,2300,11/22/2024,2300
1666,HTC One (M8i),HTC,60,57,3420,12/31/2024,3420
1667,Micromax Canvas Win W092,Micromax,83,58,4814,10/22/2024,4814
1668,Micromax X098,Micromax,71,45,3195,6/29/2024,3195
1669,Micromax Canvas Juice 3+ Q394,Micromax,96,86,8256,12/29/2024,8256
1670,alcatel OT-595,alcatel,62,19,1178,5/15/2024,1178
1671,LG Wink 3G T320,LG,12,28,336,4/12/2024,336
1672,Asus Transformer Prime TF201,Asus,88,89,7832,12/6/2024,7832
1673,Yezz Classic C22,Yezz,64,58,3712,11/24/2024,3712
1674,Samsung Z140,Samsung,88,53,4664,4/11/2024,4664
1675,LG G Pad III 8.0 FHD,LG,2,90,180,8/7/2024,180
1676,ZTE nubia Prague S,ZTE,91,21,1911,2/17/2024,1911
1677,Lenovo K8 Note,Lenovo,11,30,330,6/24/2024,330
1678,Micromax X396,Micromax,45,100,4500,1/6/2025,4500
1679,HTC Sensation XE,HTC,56,67,3752,12/18/2024,3752
1680,Mitsubishi M750,Mitsubishi,46,85,3910,5/18/2024,3910
1681,Lenovo A820,Lenovo,19,63,1197,3/27/2024,1197
1682,ZTE Blade II V880+,ZTE,65,77,5005,12/25/2024,5005
1683,Motorola MILESTONE 2,Motorola,94,24,2256,8/22/2024,2256
1684,LG G2 Lite,LG,28,85,2380,9/30/2024,2380
1685,Motorola V635,Motorola,91,49,4459,3/5/2024,4459
1686,Philips X320,Philips,31,84,2604,10/29/2024,2604
1687,BlackBerry Storm3,BlackBerry,58,83,4814,2/20/2024,4814
1688,Motorola SLVR L9,Motorola,29,53,1537,9/28/2024,1537
1689,Samsung Galaxy Tab 3 V,Samsung,65,4,260,2/22/2024,260
1690,Panasonic A200,Panasonic,70,65,4550,11/28/2024,4550
1691,Motorola C123,Motorola,98,7,686,11/28/2024,686
1692,Motorola RIZR Z10,Motorola,50,97,4850,11/9/2024,4850
1693,Samsung B3310,Samsung,54,85,4590,11/9/2024,4590
1694,Samsung E1182,Samsung,97,92,8924,12/31/2024,8924
1695,Apple iPhone,Apple,30,53,1590,9/27/2024,1590
1696,LG G3 A,LG,10,75,750,2/28/2024,750
1697,Kyocera Milano C5120,Kyocera,82,54,4428,9/16/2024,4428
1698,Nokia 8250,Nokia,83,57,4731,6/19/2024,4731
1699,Samsung C3212,Samsung,55,12,660,1/21/2025,660
1700,vivo V3,vivo,100,85,8500,9/26/2024,8500
1701,O2 X4,O2,88,8,704,7/19/2024,704
1702,Samsung Galaxy V Plus,Samsung,40,23,920,7/9/2024,920
1703,LG K92 5G,LG,67,17,1139,7/22/2024,1139
1704,NEC N820,NEC,81,51,4131,11/24/2024,4131
1705,BLU Studio J5,BLU,34,28,952,8/19/2024,952
1706,Motorola FIRE XT311,Motorola,95,78,7410,9/6/2024,7410
1707,Micromax Unite 4 plus,Micromax,82,28,2296,4/26/2024,2296
1708,Ericsson GF 337,Ericsson,86,6,516,10/31/2024,516
1709,BenQ M775C,BenQ,91,60,5460,9/1/2024,5460
1710,Acer Liquid Z5,Acer,22,98,2156,1/10/2025,2156
1711,LG CU720 Shine,LG,64,51,3264,1/28/2025,3264
1712,Nokia N77,Nokia,66,32,2112,12/29/2024,2112
1713,Ulefone Armor 7E,Ulefone,41,83,3403,12/24/2024,3403
1714,Motorola Moto G6,Motorola,65,35,2275,12/8/2024,2275
1715,alcatel Idol 2,alcatel,86,49,4214,10/29/2024,4214
1716,Sagem MY X-3,Sagem,57,32,1824,3/20/2024,1824
1717,Spice Smart Flo 359 (Mi-359),Spice,78,89,6942,4/13/2024,6942
1718,Sony Xperia X Compact,Sony,87,52,4524,3/20/2024,4524
1719,i-mate SPJAS,i-mate,93,11,1023,11/8/2024,1023
1720,Ulefone Armor X3,Ulefone,71,54,3834,1/13/2025,3834
1721,Bird D736,Bird,5,55,275,12/28/2024,275
1722,i-mate PDA2,i-mate,54,99,5346,6/24/2024,5346
1723,alcatel 1T 10,alcatel,72,42,3024,1/6/2025,3024
1724,Philips W626,Philips,52,6,312,3/13/2024,312
1725,Huawei Ascend Mate2 4G,Huawei,76,98,7448,10/10/2024,7448
1726,Samsung T109,Samsung,72,88,6336,7/27/2024,6336
1727,Gionee S12,Gionee,97,48,4656,4/11/2024,4656
1728,Philips 766,Philips,84,93,7812,4/11/2024,7812
1729,Micromax Funbook 3G P600,Micromax,23,59,1357,8/28/2024,1357
1730,Lenovo Z6,Lenovo,95,19,1805,4/14/2024,1805
1731,Samsung Galaxy S II LTE i727R,Samsung,42,7,294,5/3/2024,294
1732,Wiko Pulp 4G,Wiko,34,39,1326,1/26/2025,1326
1733,Samsung Gear 2 Neo,Samsung,76,42,3192,5/31/2024,3192
1734,Honor View30,Honor,78,60,4680,11/21/2024,4680
1735,Gigabyte g-YoYo,Gigabyte,39,39,1521,12/27/2024,1521
1736,Honor 9X,Honor,93,71,6603,1/27/2025,6603
1737,Vodafone Smart first 6,Vodafone,60,8,480,7/18/2024,480
1738,Samsung Z600,Samsung,14,25,350,9/27/2024,350
1739,BlackBerry Curve 9320,BlackBerry,25,15,375,8/26/2024,375
1740,alcatel OT-103,alcatel,44,43,1892,5/7/2024,1892
1741,LG GW520,LG,57,41,2337,11/15/2024,2337
1742,Honor 7,Honor,58,53,3074,4/17/2024,3074
1743,Micromax A80 ,Micromax,88,99,8712,7/22/2024,8712
1744,Oppo A53s,Oppo,7,4,28,10/23/2024,28
1745,Gigabyte GSmart Classic,Gigabyte,13,68,884,12/15/2024,884
1746,Samsung Galaxy Y Pro B5510,Samsung,13,46,598,7/12/2024,598
1747,Pantech P4000,Pantech,92,39,3588,6/6/2024,3588
1748,vivo V5s,vivo,48,62,2976,8/17/2024,2976
1749,Samsung Galaxy Note10,Samsung,71,79,5609,3/27/2024,5609
1750,Philips 859,Philips,82,3,246,11/12/2024,246
1751,alcatel Idol 4,alcatel,88,97,8536,12/8/2024,8536
1752,Huawei G7010,Huawei,52,13,676,2/21/2024,676
1753,Samsung S6700,Samsung,30,92,2760,9/11/2024,2760
1754,Celkon C909,Celkon,15,67,1005,8/25/2024,1005
1755,Samsung Galaxy Tab A7 10.4 (2020),Samsung,34,26,884,12/13/2024,884
1756,Wiko Lenny3 Max,Wiko,8,62,496,9/15/2024,496
1757,Honor 8 Pro,Honor,98,32,3136,10/12/2024,3136
1758,Blackview P6000,Blackview,52,4,208,3/18/2024,208
1759,Panasonic X66,Panasonic,18,89,1602,12/13/2024,1602
1760,Honor Pad 5 10.1,Honor,72,44,3168,3/8/2024,3168
1761,Samsung Galaxy J3 (2016),Samsung,99,17,1683,9/7/2024,1683
1762,BlackBerry Z30,BlackBerry,64,94,6016,9/7/2024,6016
1763,Lenovo Yoga Tablet 10 HD+,Lenovo,5,75,375,8/8/2024,375
1764,Motorola V295,Motorola,90,10,900,1/24/2025,900
1765,Realme Narzo 20 Pro,Realme,32,66,2112,3/10/2024,2112
1766,verykool T7440 Kolorpad II,verykool,17,65,1105,6/4/2024,1105
1767,Samsung Galaxy S10 5G,Samsung,23,77,1771,5/7/2024,1771
1768,Asus Zenfone Max Plus (M2) ZB634KL,Asus,45,8,360,1/19/2025,360
1769,LG GB110,LG,53,93,4929,7/28/2024,4929
1770,Wiko U Feel Prime,Wiko,52,48,2496,7/18/2024,2496
1771,Samsung P940,Samsung,22,19,418,7/24/2024,418
1772,Asus PadFone Infinity 2,Asus,14,45,630,7/20/2024,630
1773,T-Mobile myTouch Q 2,T-Mobile,55,99,5445,9/12/2024,5445
1774,Nokia 105 Dual SIM (2015),Nokia,22,61,1342,10/23/2024,1342
1775,NEC e122,NEC,49,1,49,3/9/2024,49
1776,Philips 191,Philips,17,29,493,9/4/2024,493
1777,BLU Kick,BLU,21,13,273,9/25/2024,273
1778,Oppo A53 5G,Oppo,89,33,2937,4/12/2024,2937
1779,Prestigio MultiPad 7.0 HD,Prestigio,27,36,972,4/25/2024,972
1780,Wiko Ufeel fab,Wiko,76,28,2128,12/25/2024,2128
1781,Karbonn S7 Titanium,Karbonn,68,54,3672,3/22/2024,3672
1782,Meizu PRO 5,Meizu,75,45,3375,1/7/2025,3375
1783,QMobile M800,QMobile,20,48,960,3/7/2024,960
1784,LG G Pad X 8.0,LG,63,26,1638,7/1/2024,1638
1785,Oppo U705T Ulike 2,Oppo,36,9,324,7/11/2024,324
1786,Apple iPad Air 2,Apple,17,91,1547,9/11/2024,1547
1787,Pantech G800,Pantech,74,84,6216,10/6/2024,6216
1788,LG Optimus L9 P769,LG,84,22,1848,6/13/2024,1848
1789,NEC N150,NEC,3,15,45,3/20/2024,45
1790,LG SU920,LG,46,34,1564,10/1/2024,1564
1791,Nokia 6310,Nokia,80,91,7280,2/27/2024,7280
1792,Huawei U8850 Vision,Huawei,76,3,228,12/18/2024,228
1793,Lenovo S5000,Lenovo,46,23,1058,4/24/2024,1058
1794,Samsung Galaxy A7,Samsung,95,85,8075,1/9/2025,8075
1795,LG US760 Genesis,LG,34,21,714,8/14/2024,714
1796,Oppo Find X2 Pro,Oppo,54,50,2700,11/18/2024,2700
1797,O2 XDA Zinc,O2,35,96,3360,9/25/2024,3360
1798,LG GD880 Mini,LG,64,28,1792,7/27/2024,1792
1799,Samsung Galaxy S20+ 5G,Samsung,26,96,2496,1/25/2025,2496
1800,Wiko Rainbow,Wiko,99,48,4752,5/22/2024,4752
1801,Samsung E830,Samsung,97,96,9312,8/10/2024,9312
1802,Eten glofiish M700,Eten,69,78,5382,7/7/2024,5382
1803,Samsung Xcover 550,Samsung,45,84,3780,7/25/2024,3780
1804,Samsung Galaxy Nexus i515,Samsung,7,60,420,9/26/2024,420
1805,Haier L8,Haier,90,62,5580,11/8/2024,5580
1806,Wiko Rainbow 4G,Wiko,20,56,1120,8/14/2024,1120
1807,Tecno Camon CM,Tecno,44,69,3036,12/2/2024,3036
1808,LG KF700,LG,40,91,3640,3/10/2024,3640
1809,Ericsson GA 318,Ericsson,62,5,310,8/16/2024,310
1810,HP iPAQ h6315,HP,36,25,900,10/12/2024,900
1811,Energizer Hardcase H242S,Energizer,6,5,30,4/17/2024,30
1812,Asus Zenpad Z10 ZT500KL,Asus,57,39,2223,8/28/2024,2223
1813,alcatel OT 311,alcatel,100,9,900,10/17/2024,900
1814,Honor Pad 6,Honor,35,37,1295,2/7/2025,1295
1815,Samsung C3322,Samsung,33,36,1188,8/13/2024,1188
1816,Samsung E200 ECO,Samsung,69,55,3795,8/9/2024,3795
1817,Lava P7+,Lava,17,78,1326,1/6/2025,1326
1818,Samsung E330,Samsung,99,44,4356,6/4/2024,4356
1819,Philips 692,Philips,45,85,3825,8/18/2024,3825
1820,Samsung Galaxy Ace 2 I8160,Samsung,55,62,3410,8/8/2024,3410
1821,Samsung P7500 Galaxy Tab 10.1 3G,Samsung,73,22,1606,1/18/2025,1606
1822,Meizu 16Xs,Meizu,79,62,4898,8/14/2024,4898
1823,LG KT770,LG,16,89,1424,6/27/2024,1424
1824,Plum Coach Plus II,Plum,66,3,198,5/17/2024,198
1825,Nokia C6-01,Nokia,27,93,2511,8/26/2024,2511
1826,alcatel Hero,alcatel,43,50,2150,2/3/2025,2150
1827,BLU Studio C Mini,BLU,62,34,2108,6/3/2024,2108
1828,Oppo Ace2,Oppo,40,18,720,1/15/2025,720
1829,Nokia 6120 classic,Nokia,64,12,768,4/21/2024,768
1830,LG Stylus 3,LG,15,22,330,11/24/2024,330
1831,Philips W8568,Philips,3,30,90,11/1/2024,90
1832,Motorola FIRE XT,Motorola,93,92,8556,11/11/2024,8556
1833,Lenovo A820,Lenovo,14,1,14,10/7/2024,14
1834,Huawei nova 5i Pro,Huawei,64,24,1536,3/8/2024,1536
1835,Huawei U8800 IDEOS X5,Huawei,95,50,4750,12/17/2024,4750
1836,alcatel OT-918D,alcatel,40,29,1160,12/16/2024,1160
1837,Celkon C6,Celkon,100,34,3400,6/12/2024,3400
1838,ZTE Blade A460,ZTE,47,16,752,2/25/2024,752
1839,Lenovo A536,Lenovo,50,68,3400,6/16/2024,3400
1840,Motorola E680i,Motorola,77,61,4697,9/9/2024,4697
1841,BQ Aquaris X2 Pro,BQ,64,88,5632,9/20/2024,5632
1842,Philips W3500,Philips,47,37,1739,9/3/2024,1739
1843,Oppo R815T Clover,Oppo,36,43,1548,8/29/2024,1548
1844,LG GD910,LG,38,93,3534,5/12/2024,3534
1845,verykool R800,verykool,44,36,1584,6/8/2024,1584
1846,Motorola One Fusion+,Motorola,53,74,3922,3/20/2024,3922
1847,Samsung Galaxy Tab 3 Lite 7.0 VE,Samsung,75,91,6825,7/3/2024,6825
1848,Allview X4 Soul Vision,Allview,67,99,6633,3/24/2024,6633
1849,alcatel Roadsign,alcatel,83,27,2241,6/15/2024,2241
1850,LG KT520,LG,29,77,2233,4/25/2024,2233
1851,BLU Grand M2,BLU,4,5,20,6/1/2024,20
1852,Samsung W960 AMOLED 3D,Samsung,99,6,594,8/22/2024,594
1853,Chea 208,Chea,43,96,4128,9/28/2024,4128
1854,Motorola V60i,Motorola,86,56,4816,11/27/2024,4816
1855,Samsung S3030 Tobi,Samsung,46,19,874,12/31/2024,874
1856,Qtek S110,Qtek,3,4,12,5/25/2024,12
1857,BlackBerry Curve 3G 9300,BlackBerry,24,19,456,8/5/2024,456
1858,Philips Xenium 9@9s,Philips,52,78,4056,12/26/2024,4056
1859,Plum Optimax 12,Plum,86,83,7138,11/11/2024,7138
1860,Intex Aqua Craze,Intex,52,88,4576,8/30/2024,4576
1861,Benefon TWIG Discovery Pro,Benefon,40,87,3480,2/25/2024,3480
1862,Lenovo Vibe S1 Lite,Lenovo,76,68,5168,10/22/2024,5168
1863,Pantech Breeze IV,Pantech,49,42,2058,4/14/2024,2058
1864,ZTE Blade A460,ZTE,31,84,2604,7/11/2024,2604
1865,Lava V2 s,Lava,60,18,1080,4/12/2024,1080
1866,Samsung E2210B,Samsung,61,63,3843,10/4/2024,3843
1867,Infinix Smart HD 2021,Infinix,24,14,336,10/23/2024,336
1868,Amoi F320,Amoi,6,39,234,10/13/2024,234
1869,Samsung C3750,Samsung,25,74,1850,5/21/2024,1850
1870,i-mate JAMA 101,i-mate,69,91,6279,9/8/2024,6279
1871,Oppo R9s,Oppo,59,82,4838,8/18/2024,4838
1872,Tecno Camon 16,Tecno,99,35,3465,9/25/2024,3465
1873,Panasonic P66,Panasonic,22,40,880,11/25/2024,880
1874,Sony Xperia C4,Sony,11,72,792,6/3/2024,792
1875,Pantech Breeze IV,Pantech,29,34,986,4/1/2024,986
1876,Nokia C2 Tennen,Nokia,34,19,646,3/22/2024,646
1877,Samsung Galaxy Ace 4 LTE G313,Samsung,94,64,6016,4/23/2024,6016
1878,Bird D515,Bird,83,84,6972,2/22/2024,6972
1879,LG Optimus Q2 LU6500,LG,13,58,754,11/13/2024,754
1880,HP iPAQ 910c,HP,8,77,616,4/10/2024,616
1881,Samsung Galaxy S5 Plus,Samsung,28,58,1624,10/29/2024,1624
1882,Lenovo ThinkPad,Lenovo,90,19,1710,1/31/2025,1710
1883,Nokia 7280,Nokia,67,59,3953,12/29/2024,3953
1884,Haier M2000,Haier,10,58,580,9/20/2024,580
1885,Asus M303,Asus,29,63,1827,11/2/2024,1827
1886,Amoi M33,Amoi,85,36,3060,9/21/2024,3060
1887,Samsung M6710 Beat DISC,Samsung,94,41,3854,1/28/2025,3854
1888,Celkon C770 Dj,Celkon,68,49,3332,7/23/2024,3332
1889,HTC One A9,HTC,17,73,1241,9/6/2024,1241
1890,Huawei Mate 20 RS Porsche Design,Huawei,15,43,645,4/27/2024,645
1891,Samsung Galaxy Mega 6.3 I9200,Samsung,80,75,6000,2/4/2025,6000
1892,Wiko Rainbow Jam 4G,Wiko,41,76,3116,8/29/2024,3116
1893,alcatel OT-203,alcatel,89,13,1157,12/6/2024,1157
1894,Icemobile Prime 5.0 Plus,Icemobile,82,43,3526,2/17/2024,3526
1895,ZTE R228,ZTE,52,18,936,9/4/2024,936
1896,Nokia 8800 Sirocco,Nokia,31,75,2325,3/11/2024,2325
1897,Bosch 909 Dual S,Bosch,68,59,4012,6/27/2024,4012
1898,Nokia Lumia 710 T-Mobile,Nokia,40,31,1240,8/13/2024,1240
1899,TCL 10L,TCL,10,58,580,4/21/2024,580
1900,Samsung S9402 Ego,Samsung,91,18,1638,6/26/2024,1638
1901,Allview X2 Soul Style,Allview,19,79,1501,12/28/2024,1501
1902,HTC Gratia,HTC,40,72,2880,8/26/2024,2880
1903,Spice N-300,Spice,82,11,902,6/2/2024,902
1904,Acer Liquid E2,Acer,66,73,4818,6/22/2024,4818
1905,verykool s5007 Lotus Plus,verykool,39,41,1599,2/1/2025,1599
1906,Allview Viva H10 LTE,Allview,71,51,3621,2/7/2025,3621
1907,Motorola Moto X Style,Motorola,14,26,364,4/24/2024,364
1908,Motorola One Vision Plus,Motorola,83,30,2490,2/28/2024,2490
1909,LG Trax CU575,LG,28,12,336,8/8/2024,336
1910,BQ Aquaris X5,BQ,90,96,8640,12/28/2024,8640
1911,BLU Life Pure,BLU,9,86,774,11/24/2024,774
1912,Samsung Galaxy Note20 Ultra 5G,Samsung,92,11,1012,10/19/2024,1012
1913,Honor 6A (Pro),Honor,51,13,663,1/16/2025,663
1914,alcatel Pixi 3 (10),alcatel,50,87,4350,1/28/2025,4350
1915,Gigabyte GSmart Mika M2,Gigabyte,90,23,2070,1/24/2025,2070
1916,Philips X525,Philips,60,73,4380,10/16/2024,4380
1917,Motorola Moto 360 (1st gen),Motorola,88,4,352,7/8/2024,352
1918,Karbonn K309 Boombastic,Karbonn,85,25,2125,10/23/2024,2125
1919,Lenovo Tab 7,Lenovo,36,71,2556,9/1/2024,2556
1920,Asus Z810,Asus,58,34,1972,10/31/2024,1972
1921,Lenovo Tab P11 Pro,Lenovo,46,2,92,4/6/2024,92
1922,Nokia 6350,Nokia,12,32,384,4/10/2024,384
1923,ZTE nubia Z17 miniS,ZTE,70,11,770,2/15/2024,770
1924,LG E2,LG,30,77,2310,2/24/2024,2310
1925,Orange Dallas,Orange,64,26,1664,1/1/2025,1664
1926,alcatel OT-E265,alcatel,46,2,92,5/5/2024,92
1927,Philips X216,Philips,22,21,462,6/20/2024,462
1928,alcatel Pop C2,alcatel,25,54,1350,7/8/2024,1350
1929,Siemens ME75,Siemens,13,61,793,3/12/2024,793
1930,Lenovo Tab3 10,Lenovo,30,71,2130,2/9/2025,2130
1931,LG A165,LG,28,50,1400,12/20/2024,1400
1932,Samsung P910,Samsung,41,32,1312,2/18/2024,1312
1933,Gigabyte GSmart i300,Gigabyte,30,59,1770,8/31/2024,1770
1934,Lenovo A916,Lenovo,98,35,3430,2/10/2025,3430
1935,Samsung S5233T,Samsung,97,54,5238,11/14/2024,5238
1936,alcatel Pixi 3 (8) 3G,alcatel,22,78,1716,1/8/2025,1716
1937,XOLO Play,XOLO,17,7,119,3/29/2024,119
1938,Sharp MS1,Sharp,12,62,744,5/24/2024,744
1939,Maxon MX-A30,Maxon,33,48,1584,2/18/2024,1584
1940,Telit G40,Telit,26,28,728,4/17/2024,728
1941,Motorola C261,Motorola,40,12,480,7/27/2024,480
1942,Oppo Mirror 5s,Oppo,4,23,92,3/7/2024,92
1943,HTC U Ultra,HTC,15,5,75,3/2/2024,75
1944,alcatel One Touch Fire,alcatel,41,5,205,12/8/2024,205
1945,ZTE Blade III,ZTE,1,33,33,7/1/2024,33
1946,Motorola V360,Motorola,91,1,91,4/26/2024,91
1947,ZTE Blade Vec 3G,ZTE,49,26,1274,4/10/2024,1274
1948,Palm Pixi,Palm,3,96,288,5/29/2024,288
1949,alcatel OT COM,alcatel,32,18,576,10/31/2024,576
1950,Xiaomi Mi 10 Ultra,Xiaomi,52,64,3328,12/2/2024,3328
1951,BenQ P31,BenQ,50,22,1100,1/29/2025,1100
1952,LG Flick T320,LG,13,21,273,8/15/2024,273
1953,Huawei Ascend G730,Huawei,12,29,348,7/20/2024,348
1954,Nokia 2730 classic,Nokia,81,85,6885,9/28/2024,6885
1955,Celkon A355,Celkon,43,27,1161,10/5/2024,1161
1956,Lava Iris Atom 2,Lava,100,57,5700,12/1/2024,5700
1957,Motorola ROKR Z6,Motorola,5,61,305,10/22/2024,305
1958,vivo X9s,vivo,47,29,1363,7/31/2024,1363
1959,verykool i705,verykool,95,34,3230,10/26/2024,3230
1960,Asus Memo Pad 8 ME181C,Asus,89,91,8099,7/3/2024,8099
1961,Samsung A837 Rugby,Samsung,13,34,442,3/15/2024,442
1962,Sony Xperia M Ultra,Sony,13,8,104,11/7/2024,104
1963,Plum Ten 3G,Plum,36,24,864,2/16/2024,864
1964,Samsung Z100,Samsung,20,78,1560,10/21/2024,1560
1965,ZTE Light Tab 300,ZTE,66,45,2970,9/14/2024,2970
1966,Sendo K1,Sendo,83,97,8051,11/27/2024,8051
1967,Dell Streak 10 Pro,Dell,98,55,5390,5/8/2024,5390
1968,Samsung R210,Samsung,78,32,2496,10/3/2024,2496
1969,Innostream INNO 100,Innostream,96,6,576,11/16/2024,576
1970,HTC Desire 20+,HTC,31,59,1829,11/22/2024,1829
1971,Xiaomi Mi 11 Lite,Xiaomi,84,59,4956,10/10/2024,4956
1972,Wiko Lenny4 Plus,Wiko,8,47,376,11/2/2024,376
1973,LG BL40 New Chocolate,LG,27,8,216,12/4/2024,216
1974,WND Wind DUO 2100,WND,71,85,6035,7/5/2024,6035
1975,Samsung Galaxy Tab 3 10.1 P5220,Samsung,7,46,322,1/4/2025,322
1976,Samsung J610,Samsung,8,54,432,2/14/2024,432
1977,Philips M600,Philips,77,36,2772,8/7/2024,2772
1978,HTC One SV,HTC,39,60,2340,3/8/2024,2340
1979,Celkon CT 2,Celkon,100,24,2400,8/15/2024,2400
1980,Gionee Marathon M5,Gionee,36,65,2340,4/20/2024,2340
1981,Vodafone 340,Vodafone,35,29,1015,6/22/2024,1015
1982,Motorola DROID 4 XT894,Motorola,40,23,920,2/20/2024,920
1983,Samsung T109,Samsung,87,7,609,9/6/2024,609
1984,BLU Selfie,BLU,85,58,4930,6/21/2024,4930
1985,Nokia 1.3,Nokia,26,66,1716,2/23/2024,1716
1986,Acer Liquid E600,Acer,42,30,1260,2/3/2025,1260
1987,Huawei U8350 Boulder,Huawei,50,65,3250,1/21/2025,3250
1988,Samsung I9000 Galaxy S,Samsung,21,86,1806,8/26/2024,1806
1989,Palm Pre 2,Palm,11,43,473,9/10/2024,473
1990,Prestigio MultiPhone 4500 Duo,Prestigio,10,22,220,10/28/2024,220
1991,Xiaomi Mi Note 10,Xiaomi,77,8,616,7/15/2024,616
1992,Icemobile Tropical,Icemobile,6,4,24,11/21/2024,24
1993,Samsung A167,Samsung,29,100,2900,1/5/2025,2900
1994,Samsung Galaxy M02s,Samsung,74,40,2960,2/12/2025,2960
1995,Oppo A7x,Oppo,56,79,4424,8/15/2024,4424
1996,Honor Pad 5 10.1,Honor,82,34,2788,1/18/2025,2788
1997,Micromax X270,Micromax,64,64,4096,2/2/2025,4096
1998,Pantech Link II,Pantech,62,77,4774,2/8/2025,4774
1999,Tecno Camon CX Air,Tecno,67,61,4087,11/5/2024,4087
2000,Samsung Galaxy J4,Samsung,63,26,1638,9/15/2024,1638
